{"Id":1,"Name":"Chuan"}
{"Id":2,"Name":"Vuong"}
{"Id":3,"Name":"Huy"}
{"Id":4,"Name":"Son"}
{"Id":5,"Name":"Yen"}
{"Id":6,"Name":"Van"}
{"Id":7,"Name":"Thu"}
{"Id":8,"Name":"Ha"}
{"Id":9,"Name":"Chinh"}
{"Id":10,"Name":"Dat"}
{"Id":11,"Name":"Chuan1"}
{"Id":12,"Name":"Vuong1"}
{"Id":13,"Name":"Huy1"}
{"Id":14,"Name":"Son1"}
{"Id":15,"Name":"Yen1"}
{"Id":16,"Name":"Van1"}
{"Id":17,"Name":"Thu1"}
{"Id":18,"Name":"Ha1"}
{"Id":19,"Name":"Chinh1"}
{"Id":20,"Name":"Dat1"}
{"Id":21,"Name":"Chuan2"}
{"Id":22,"Name":"Vuong2"}
{"Id":23,"Name":"Huy2"}
{"Id":24,"Name":"Son2"}
{"Id":25,"Name":"Yen2"}
{"Id":26,"Name":"Van2"}
{"Id":27,"Name":"Thu2"}
{"Id":28,"Name":"Ha2"}
{"Id":29,"Name":"Chinh2"}
{"Id":30,"Name":"Dat2"}
{"Id":31,"Name":"Chuan3"}
{"Id":32,"Name":"Vuong3"}
{"Id":33,"Name":"Huy3"}
{"Id":34,"Name":"Son3"}
{"Id":35,"Name":"Yen3"}
{"Id":36,"Name":"Van3"}
{"Id":37,"Name":"Thu3"}
{"Id":38,"Name":"Ha3"}
{"Id":39,"Name":"Chinh3"}
{"Id":40,"Name":"Dat4"}
{"Id":41,"Name":"Chuan4"}
{"Id":42,"Name":"Vuong4"}
{"Id":43,"Name":"Huy4"}
{"Id":44,"Name":"Son4"}
{"Id":45,"Name":"Yen4"}
{"Id":46,"Name":"Van4"}
{"Id":47,"Name":"Thu4"}
{"Id":48,"Name":"Ha4"}
{"Id":49,"Name":"Chinh4"}
{"Id":50,"Name":"Dat4"}
